<?xml version="1.0"?>
<HotBabeSettings xmlns:xsi="http://www.w3.org/2001/XMLSchema-instance" xmlns:xsd="http://www.w3.org/2001/XMLSchema">
  <AutoRun>false</AutoRun>
  <BlendImages>InAndOut</BlendImages>
  <DefaultImageName>HotBabe.png</DefaultImageName>
  <Left>24</Left>
  <Top>396</Top>
  <Opacity>0.2</Opacity>
  <ClickThrough>true</ClickThrough>
  <UpdateInterval>2000</UpdateInterval>
  <AlwaysOnTop>true</AlwaysOnTop>
  <HideOnFullscreen>true</HideOnFullscreen>
  <ImageInfos>
    <ImageInfo>
      <ImageFileName>Images\hb01_0.png</ImageFileName>
      <Measures>
        <item>
          <key>
            <string>Cpu</string>
          </key>
          <value>
            <double>90</double>
          </value>
        </item>
      </Measures>
    </ImageInfo>
    <ImageInfo>
      <ImageFileName>Images\hb01_1.png</ImageFileName>
      <Measures>
        <item>
          <key>
            <string>Cpu</string>
          </key>
          <value>
            <double>70</double>
          </value>
        </item>
      </Measures>
    </ImageInfo>
    <ImageInfo>
      <ImageFileName>Images\hb01_2.png</ImageFileName>
      <Measures>
        <item>
          <key>
            <string>Cpu</string>
          </key>
          <value>
            <double>50</double>
          </value>
        </item>
      </Measures>
    </ImageInfo>
    <ImageInfo>
      <ImageFileName>Images\hb01_3.png</ImageFileName>
      <Measures>
        <item>
          <key>
            <string>Cpu</string>
          </key>
          <value>
            <double>30</double>
          </value>
        </item>
      </Measures>
    </ImageInfo>
    <ImageInfo>
      <ImageFileName>Images\hb01_4.png</ImageFileName>
      <Measures>
        <item>
          <key>
            <string>Cpu</string>
          </key>
          <value>
            <double>10</double>
          </value>
        </item>
      </Measures>
    </ImageInfo>
  </ImageInfos>
  <MonitorInfos>
    <MonitorInfo>
      <AssemblyFileName>Monitors.dll</AssemblyFileName>
      <TypeName>Monitors.CpuMonitor</TypeName>
      <MinValue>0</MinValue>
      <Smooth>0</Smooth>
      <UpdateInterval>1000</UpdateInterval>
      <Key>Cpu</Key>
      <Parameter />
    </MonitorInfo>
  </MonitorInfos>
</HotBabeSettings>