<?xml version="1.0"?>
<HotBabeSettings xmlns:xsi="http://www.w3.org/2001/XMLSchema-instance" xmlns:xsd="http://www.w3.org/2001/XMLSchema">
  <AutoRun>false</AutoRun>
  <BlendImages>InAndOut</BlendImages>
  <DefaultImageName>HotBabe.png</DefaultImageName>
  <Left>27</Left>
  <Top>324</Top>
  <Opacity>0.2</Opacity>
  <ClickThrough>true</ClickThrough>
  <UpdateInterval>8000</UpdateInterval>
  <AlwaysOnTop>true</AlwaysOnTop>
  <HideOnFullscreen>true</HideOnFullscreen>
  <ImageInfos>
    <ImageInfo>
      <ImageFileName>Images\Take a Break 5.png</ImageFileName>
      <Measures>
        <item>
          <key>
            <string>Break</string>
          </key>
          <value>
            <double>100</double>
          </value>
        </item>
        <item>
          <key>
            <string>Rnd</string>
          </key>
          <value>
            <double>100</double>
          </value>
        </item>
      </Measures>
    </ImageInfo>
    <ImageInfo>
      <ImageFileName>Images\Take a Break 4.png</ImageFileName>
      <Measures>
        <item>
          <key>
            <string>Break</string>
          </key>
          <value>
            <double>100</double>
          </value>
        </item>
        <item>
          <key>
            <string>Rnd</string>
          </key>
          <value>
            <double>80</double>
          </value>
        </item>
      </Measures>
    </ImageInfo>
    <ImageInfo>
      <ImageFileName>Images\Take a Break 3.png</ImageFileName>
      <Measures>
        <item>
          <key>
            <string>Break</string>
          </key>
          <value>
            <double>100</double>
          </value>
        </item>
        <item>
          <key>
            <string>Rnd</string>
          </key>
          <value>
            <double>60</double>
          </value>
        </item>
      </Measures>
    </ImageInfo>
    <ImageInfo>
      <ImageFileName>Images\Take a Break 2.png</ImageFileName>
      <Measures>
        <item>
          <key>
            <string>Break</string>
          </key>
          <value>
            <double>100</double>
          </value>
        </item>
        <item>
          <key>
            <string>Rnd</string>
          </key>
          <value>
            <double>40</double>
          </value>
        </item>
      </Measures>
    </ImageInfo>
    <ImageInfo>
      <ImageFileName>Images\Take a Break 1.png</ImageFileName>
      <Measures>
        <item>
          <key>
            <string>Break</string>
          </key>
          <value>
            <double>100</double>
          </value>
        </item>
        <item>
          <key>
            <string>Rnd</string>
          </key>
          <value>
            <double>20</double>
          </value>
        </item>
      </Measures>
    </ImageInfo>
    <ImageInfo>
      <ImageFileName>Images\None.png</ImageFileName>
      <Measures>
        <item>
          <key>
            <string>Break</string>
          </key>
          <value>
            <double>0</double>
          </value>
        </item>
        <item>
          <key>
            <string>Rnd</string>
          </key>
          <value>
            <double>0</double>
          </value>
        </item>
      </Measures>
    </ImageInfo>
  </ImageInfos>
  <MonitorInfos>
    <MonitorInfo>
      <AssemblyFileName>BreakMonitor.dll</AssemblyFileName>
      <TypeName>BreakMonitor.BreakMonitor</TypeName>
      <MinValue>0</MinValue>
      <Smooth>0</Smooth>
      <UpdateInterval>1000</UpdateInterval>
      <Key>Break</Key>
      <Parameter>55,5</Parameter>
    </MonitorInfo>
    <MonitorInfo>
      <AssemblyFileName>RandomMonitor.dll</AssemblyFileName>
      <TypeName>RandomMonitor.RandomMonitor</TypeName>
      <MinValue>0</MinValue>
      <Smooth>0</Smooth>
      <UpdateInterval>600000</UpdateInterval>
      <Key>Rnd</Key>
      <Parameter />
    </MonitorInfo>
  </MonitorInfos>
</HotBabeSettings>